File,Length (s),Padding_Time
32PC1_2021-22_0.wav,0.701,2.299
32PC1_2021-22_1.wav,0.727,2.273
32PC1_2021-22_10.wav,0.804,2.1959999999999997
32PC1_2021-22_11.wav,0.811,2.189
32PC1_2021-22_12.wav,0.817,2.183
32PC1_2021-22_13.wav,0.829,2.1710000000000003
32PC1_2021-22_14.wav,0.835,2.165
32PC1_2021-22_15.wav,0.836,2.164
32PC1_2021-22_16.wav,0.837,2.1630000000000003
32PC1_2021-22_17.wav,0.836,2.164
32PC1_2021-22_18.wav,0.842,2.158
32PC1_2021-22_19.wav,0.847,2.153
32PC1_2021-22_2.wav,0.787,2.213
32PC1_2021-22_20.wav,0.859,2.141
32PC1_2021-22_21.wav,0.859,2.141
32PC1_2021-22_22.wav,0.859,2.141
32PC1_2021-22_23.wav,0.865,2.135
32PC1_2021-22_24.wav,0.875,2.125
32PC1_2021-22_25.wav,0.88,2.12
32PC1_2021-22_26.wav,0.88,2.12
32PC1_2021-22_27.wav,0.883,2.117
32PC1_2021-22_28.wav,0.902,2.098
32PC1_2021-22_29.wav,0.902,2.098
32PC1_2021-22_3.wav,0.857,2.143
32PC1_2021-22_30.wav,0.902,2.098
32PC1_2021-22_31.wav,0.902,2.098
32PC1_2021-22_32.wav,0.902,2.098
32PC1_2021-22_33.wav,0.923,2.077
32PC1_2021-22_34.wav,0.923,2.077
32PC1_2021-22_35.wav,0.924,2.076
32PC1_2021-22_36.wav,0.923,2.077
32PC1_2021-22_37.wav,0.928,2.072
32PC1_2021-22_38.wav,0.929,2.0709999999999997
32PC1_2021-22_39.wav,0.934,2.066
32PC1_2021-22_4.wav,0.865,2.135
32PC1_2021-22_40.wav,0.957,2.043
32PC1_2021-22_41.wav,0.959,2.041
32PC1_2021-22_42.wav,0.977,2.023
32PC1_2021-22_43.wav,0.997,2.003
32PC1_2021-22_44.wav,1.0,2.0
32PC1_2021-22_45.wav,1.0,2.0
32PC1_2021-22_46.wav,0.698,2.302
32PC1_2021-22_47.wav,0.588,2.412
32PC1_2021-22_48.wav,0.682,2.318
32PC1_2021-22_49.wav,0.724,2.276
32PC1_2021-22_5.wav,0.905,2.0949999999999998
32PC1_2021-22_50.wav,0.604,2.396
32PC1_2021-22_51.wav,0.469,2.531
32PC1_2021-22_52.wav,0.409,2.591
32PC1_2021-22_53.wav,0.375,2.625
32PC1_2021-22_54.wav,0.469,2.531
32PC1_2021-22_55.wav,0.468,2.532
32PC1_2021-22_56.wav,0.46,2.54
32PC1_2021-22_57.wav,0.494,2.5060000000000002
32PC1_2021-22_58.wav,0.468,2.532
32PC1_2021-22_59.wav,0.502,2.498
32PC1_2021-22_6.wav,0.99,2.01
32PC1_2021-22_60.wav,0.537,2.463
32PC1_2021-22_61.wav,0.451,2.549
32PC1_2021-22_62.wav,0.528,2.472
32PC1_2021-22_63.wav,0.553,2.447
32PC1_2021-22_64.wav,0.647,2.3529999999999998
32PC1_2021-22_65.wav,0.494,2.5060000000000002
32PC1_2021-22_66.wav,0.528,2.472
32PC1_2021-22_67.wav,0.536,2.464
32PC1_2021-22_68.wav,0.63,2.37
32PC1_2021-22_69.wav,0.553,2.447
32PC1_2021-22_7.wav,0.989,2.011
32PC1_2021-22_70.wav,0.502,2.498
32PC1_2021-22_71.wav,0.613,2.387
32PC1_2021-22_72.wav,0.545,2.455
32PC1_2021-22_73.wav,0.58,2.42
32PC1_2021-22_74.wav,0.604,2.396
32PC1_2021-22_75.wav,0.613,2.387
32PC1_2021-22_76.wav,0.664,2.336
32PC1_2021-22_77.wav,0.562,2.4379999999999997
32PC1_2021-22_78.wav,0.536,2.464
32PC1_2021-22_79.wav,0.571,2.4290000000000003
32PC1_2021-22_8.wav,0.793,2.207
32PC1_2021-22_80.wav,0.596,2.404
32PC1_2021-22_81.wav,0.554,2.4459999999999997
32PC1_2021-22_82.wav,0.537,2.463
32PC1_2021-22_83.wav,0.494,2.5060000000000002
32PC1_2021-22_84.wav,0.579,2.4210000000000003
32PC1_2021-22_85.wav,0.562,2.4379999999999997
32PC1_2021-22_86.wav,0.528,2.472
32PC1_2021-22_87.wav,0.545,2.455
32PC1_2021-22_88.wav,0.562,2.4379999999999997
32PC1_2021-22_89.wav,0.571,2.4290000000000003
32PC1_2021-22_9.wav,0.804,2.1959999999999997
32PC1_2021-22_90.wav,0.613,2.387
32PC1_2021-22_91.wav,0.528,2.472
32PC1_2021-22_92.wav,0.571,2.4290000000000003
32PC1_2021-22_93.wav,0.477,2.523
32PC1_2022-23_0.wav,0.931,2.069
32PC1_2022-23_1.wav,0.691,2.309
32PC1_2022-23_10.wav,0.915,2.085
32PC1_2022-23_100.wav,0.734,2.266
32PC1_2022-23_101.wav,0.939,2.061
32PC1_2022-23_102.wav,0.963,2.037
32PC1_2022-23_103.wav,0.976,2.024
32PC1_2022-23_104.wav,0.757,2.243
32PC1_2022-23_105.wav,0.86,2.14
32PC1_2022-23_106.wav,0.941,2.059
32PC1_2022-23_107.wav,0.882,2.118
32PC1_2022-23_108.wav,0.868,2.132
32PC1_2022-23_11.wav,0.996,2.004
32PC1_2022-23_12.wav,0.935,2.065
32PC1_2022-23_13.wav,0.978,2.0220000000000002
32PC1_2022-23_14.wav,0.881,2.1189999999999998
32PC1_2022-23_15.wav,0.942,2.058
32PC1_2022-23_16.wav,0.924,2.076
32PC1_2022-23_17.wav,0.994,2.0060000000000002
32PC1_2022-23_18.wav,0.797,2.203
32PC1_2022-23_19.wav,0.86,2.14
32PC1_2022-23_2.wav,0.789,2.211
32PC1_2022-23_20.wav,0.895,2.105
32PC1_2022-23_21.wav,0.795,2.205
32PC1_2022-23_22.wav,0.795,2.205
32PC1_2022-23_23.wav,0.764,2.2359999999999998
32PC1_2022-23_24.wav,0.915,2.085
32PC1_2022-23_25.wav,0.88,2.12
32PC1_2022-23_26.wav,0.989,2.011
32PC1_2022-23_27.wav,0.878,2.122
32PC1_2022-23_28.wav,0.995,2.005
32PC1_2022-23_29.wav,0.991,2.009
32PC1_2022-23_3.wav,0.868,2.132
32PC1_2022-23_30.wav,0.837,2.1630000000000003
32PC1_2022-23_31.wav,0.857,2.143
32PC1_2022-23_32.wav,0.795,2.205
32PC1_2022-23_33.wav,0.915,2.085
32PC1_2022-23_34.wav,0.915,2.085
32PC1_2022-23_35.wav,0.915,2.085
32PC1_2022-23_36.wav,0.994,2.0060000000000002
32PC1_2022-23_37.wav,0.835,2.165
32PC1_2022-23_38.wav,0.787,2.213
32PC1_2022-23_39.wav,0.894,2.106
32PC1_2022-23_4.wav,0.851,2.149
32PC1_2022-23_40.wav,0.954,2.0460000000000003
32PC1_2022-23_41.wav,0.991,2.009
32PC1_2022-23_42.wav,0.994,2.0060000000000002
32PC1_2022-23_43.wav,0.924,2.076
32PC1_2022-23_44.wav,0.993,2.007
32PC1_2022-23_45.wav,0.978,2.0220000000000002
32PC1_2022-23_46.wav,0.927,2.073
32PC1_2022-23_47.wav,0.97,2.0300000000000002
32PC1_2022-23_48.wav,0.888,2.112
32PC1_2022-23_49.wav,0.984,2.016
32PC1_2022-23_5.wav,0.774,2.226
32PC1_2022-23_50.wav,0.995,2.005
32PC1_2022-23_51.wav,0.755,2.245
32PC1_2022-23_52.wav,0.903,2.097
32PC1_2022-23_53.wav,0.899,2.101
32PC1_2022-23_54.wav,0.817,2.183
32PC1_2022-23_55.wav,0.87,2.13
32PC1_2022-23_56.wav,0.954,2.0460000000000003
32PC1_2022-23_57.wav,0.914,2.086
32PC1_2022-23_58.wav,0.858,2.142
32PC1_2022-23_59.wav,0.999,2.001
32PC1_2022-23_6.wav,0.903,2.097
32PC1_2022-23_60.wav,0.981,2.019
32PC1_2022-23_61.wav,0.796,2.2039999999999997
32PC1_2022-23_62.wav,0.83,2.17
32PC1_2022-23_63.wav,0.994,2.0060000000000002
32PC1_2022-23_64.wav,0.867,2.133
32PC1_2022-23_65.wav,0.963,2.037
32PC1_2022-23_66.wav,0.964,2.036
32PC1_2022-23_67.wav,0.898,2.102
32PC1_2022-23_68.wav,0.934,2.066
32PC1_2022-23_69.wav,0.984,2.016
32PC1_2022-23_7.wav,0.838,2.162
32PC1_2022-23_70.wav,0.813,2.1870000000000003
32PC1_2022-23_71.wav,0.929,2.0709999999999997
32PC1_2022-23_72.wav,0.851,2.149
32PC1_2022-23_73.wav,0.886,2.114
32PC1_2022-23_74.wav,0.869,2.1310000000000002
32PC1_2022-23_75.wav,0.851,2.149
32PC1_2022-23_76.wav,0.948,2.052
32PC1_2022-23_77.wav,0.98,2.02
32PC1_2022-23_78.wav,0.878,2.122
32PC1_2022-23_79.wav,0.963,2.037
32PC1_2022-23_8.wav,0.872,2.128
32PC1_2022-23_80.wav,0.993,2.007
32PC1_2022-23_81.wav,0.985,2.015
32PC1_2022-23_82.wav,0.92,2.08
32PC1_2022-23_83.wav,0.963,2.037
32PC1_2022-23_84.wav,0.984,2.016
32PC1_2022-23_85.wav,0.864,2.136
32PC1_2022-23_86.wav,0.985,2.015
32PC1_2022-23_87.wav,0.787,2.213
32PC1_2022-23_88.wav,0.907,2.093
32PC1_2022-23_89.wav,0.722,2.278
32PC1_2022-23_9.wav,0.796,2.2039999999999997
32PC1_2022-23_90.wav,0.839,2.161
32PC1_2022-23_91.wav,0.821,2.1790000000000003
32PC1_2022-23_92.wav,0.984,2.016
32PC1_2022-23_93.wav,0.967,2.033
32PC1_2022-23_94.wav,0.992,2.008
32PC1_2022-23_95.wav,0.645,2.355
32PC1_2022-23_96.wav,0.995,2.005
32PC1_2022-23_97.wav,0.959,2.041
32PC1_2022-23_98.wav,0.932,2.068
32PC1_2022-23_99.wav,0.913,2.0869999999999997
AL_2019-20_0.wav,0.56,2.44
AL_2019-20_1.wav,0.581,2.419
AL_2019-20_2.wav,0.664,2.336
AL_2019-20_3.wav,0.727,2.273
AL_2019-20_4.wav,0.685,2.315
AL_2019-20_5.wav,0.54,2.46
AL_2019-20_6.wav,0.906,2.094
AL_2019-20_7.wav,0.706,2.294
AL_2021-22_0.wav,0.959,2.041
AL_2021-22_1.wav,0.822,2.178
AL_2021-22_10.wav,0.745,2.255
AL_2021-22_11.wav,0.662,2.338
AL_2021-22_12.wav,0.827,2.173
AL_2021-22_13.wav,0.698,2.302
AL_2021-22_14.wav,0.698,2.302
AL_2021-22_15.wav,0.648,2.352
AL_2021-22_16.wav,0.823,2.177
AL_2021-22_17.wav,0.598,2.402
AL_2021-22_18.wav,0.599,2.401
AL_2021-22_19.wav,0.724,2.276
AL_2021-22_2.wav,0.91,2.09
AL_2021-22_20.wav,0.623,2.377
AL_2021-22_21.wav,0.873,2.127
AL_2021-22_22.wav,0.499,2.501
AL_2021-22_23.wav,0.599,2.401
AL_2021-22_3.wav,1.0,2.0
AL_2021-22_4.wav,0.936,2.064
AL_2021-22_5.wav,0.869,2.1310000000000002
AL_2021-22_6.wav,0.91,2.09
AL_2021-22_7.wav,0.859,2.141
AL_2021-22_8.wav,0.838,2.162
AL_2021-22_9.wav,0.843,2.157
BUG_2021-22_0.wav,0.634,2.366
BUG_2021-22_1.wav,0.545,2.455
BUG_2021-22_10.wav,0.619,2.3810000000000002
BUG_2021-22_11.wav,0.899,2.101
BUG_2021-22_12.wav,0.913,2.0869999999999997
BUG_2021-22_13.wav,0.84,2.16
BUG_2021-22_14.wav,0.899,2.101
BUG_2021-22_15.wav,0.708,2.292
BUG_2021-22_16.wav,0.545,2.455
BUG_2021-22_17.wav,0.87,2.13
BUG_2021-22_18.wav,0.634,2.366
BUG_2021-22_19.wav,0.781,2.219
BUG_2021-22_2.wav,0.825,2.175
BUG_2021-22_20.wav,0.825,2.175
BUG_2021-22_21.wav,0.878,2.122
BUG_2021-22_22.wav,0.898,2.102
BUG_2021-22_23.wav,0.781,2.219
BUG_2021-22_24.wav,0.781,2.219
BUG_2021-22_25.wav,0.953,2.047
BUG_2021-22_26.wav,0.81,2.19
BUG_2021-22_27.wav,0.855,2.145
BUG_2021-22_3.wav,0.589,2.411
BUG_2021-22_4.wav,0.855,2.145
BUG_2021-22_5.wav,0.899,2.101
BUG_2021-22_6.wav,0.677,2.323
BUG_2021-22_7.wav,0.972,2.028
BUG_2021-22_8.wav,0.899,2.101
BUG_2021-22_9.wav,0.486,2.5140000000000002
FOURBIRD_2021-22_0.wav,0.867,2.133
FOURBIRD_2021-22_1.wav,0.948,2.052
FOURBIRD_2021-22_10.wav,0.778,2.222
FOURBIRD_2021-22_11.wav,0.911,2.089
FOURBIRD_2021-22_12.wav,0.948,2.052
FOURBIRD_2021-22_13.wav,0.934,2.066
FOURBIRD_2021-22_14.wav,0.99,2.01
FOURBIRD_2021-22_15.wav,0.976,2.024
FOURBIRD_2021-22_16.wav,0.992,2.008
FOURBIRD_2021-22_17.wav,0.938,2.0620000000000003
FOURBIRD_2021-22_18.wav,0.987,2.013
FOURBIRD_2021-22_19.wav,0.835,2.165
FOURBIRD_2021-22_2.wav,0.908,2.092
FOURBIRD_2021-22_20.wav,0.716,2.284
FOURBIRD_2021-22_21.wav,0.934,2.066
FOURBIRD_2021-22_22.wav,0.769,2.231
FOURBIRD_2021-22_23.wav,0.913,2.0869999999999997
FOURBIRD_2021-22_24.wav,0.865,2.135
FOURBIRD_2021-22_25.wav,0.974,2.026
FOURBIRD_2021-22_26.wav,0.835,2.165
FOURBIRD_2021-22_27.wav,0.944,2.056
FOURBIRD_2021-22_28.wav,0.935,2.065
FOURBIRD_2021-22_29.wav,0.928,2.072
FOURBIRD_2021-22_3.wav,0.799,2.201
FOURBIRD_2021-22_30.wav,0.917,2.083
FOURBIRD_2021-22_31.wav,0.856,2.144
FOURBIRD_2021-22_32.wav,0.885,2.115
FOURBIRD_2021-22_33.wav,0.938,2.0620000000000003
FOURBIRD_2021-22_34.wav,0.801,2.199
FOURBIRD_2021-22_35.wav,0.979,2.021
FOURBIRD_2021-22_36.wav,0.897,2.1029999999999998
FOURBIRD_2021-22_37.wav,0.974,2.026
FOURBIRD_2021-22_38.wav,0.829,2.1710000000000003
FOURBIRD_2021-22_4.wav,0.948,2.052
FOURBIRD_2021-22_5.wav,0.989,2.011
FOURBIRD_2021-22_6.wav,0.975,2.025
FOURBIRD_2021-22_7.wav,0.72,2.2800000000000002
FOURBIRD_2021-22_8.wav,0.977,2.023
FOURBIRD_2021-22_9.wav,0.844,2.156
LES_2017-18_0.wav,0.6410204081632653,2.358979591836735
LES_2017-18_1.wav,0.6419954648526077,2.3580045351473924
LES_2017-18_10.wav,0.7539909297052154,2.2460090702947846
LES_2017-18_11.wav,0.7519954648526077,2.248004535147392
LES_2017-18_12.wav,0.7540136054421769,2.245986394557823
LES_2017-18_13.wav,0.8480045351473923,2.151995464852608
LES_2017-18_14.wav,0.74,2.26
LES_2017-18_15.wav,0.7770068027210885,2.2229931972789116
LES_2017-18_16.wav,0.6459863945578231,2.354013605442177
LES_2017-18_17.wav,0.6449886621315193,2.355011337868481
LES_2017-18_2.wav,0.6,2.4
LES_2017-18_3.wav,0.6,2.4
LES_2017-18_4.wav,0.5180045351473923,2.4819954648526075
LES_2017-18_5.wav,0.8480045351473923,2.151995464852608
LES_2017-18_6.wav,0.66,2.34
LES_2017-18_7.wav,0.9890022675736961,2.0109977324263038
LES_2017-18_8.wav,0.9659863945578231,2.034013605442177
LES_2017-18_9.wav,0.8349886621315192,2.1650113378684805
LS1_2021-22_0.wav,0.964,2.036
LS1_2021-22_1.wav,0.733,2.267
LS1_2021-22_10.wav,0.8,2.2
LS1_2021-22_11.wav,0.933,2.067
LS1_2021-22_12.wav,0.834,2.166
LS1_2021-22_13.wav,0.925,2.075
LS1_2021-22_14.wav,0.966,2.034
LS1_2021-22_15.wav,0.8,2.2
LS1_2021-22_16.wav,0.938,2.0620000000000003
LS1_2021-22_17.wav,0.833,2.167
LS1_2021-22_18.wav,0.899,2.101
LS1_2021-22_19.wav,0.96,2.04
LS1_2021-22_2.wav,0.95,2.05
LS1_2021-22_20.wav,0.934,2.066
LS1_2021-22_21.wav,0.935,2.065
LS1_2021-22_22.wav,0.964,2.036
LS1_2021-22_23.wav,0.6,2.4
LS1_2021-22_24.wav,0.907,2.093
LS1_2021-22_3.wav,0.9,2.1
LS1_2021-22_4.wav,0.9,2.1
LS1_2021-22_5.wav,0.599,2.401
LS1_2021-22_6.wav,0.799,2.201
LS1_2021-22_7.wav,0.766,2.234
LS1_2021-22_8.wav,0.666,2.334
LS1_2021-22_9.wav,0.633,2.367
LS2_2022-23_0.wav,0.649,2.351
LS2_2022-23_1.wav,0.475,2.525
LS2_2022-23_10.wav,0.559,2.441
LS2_2022-23_100.wav,0.52,2.48
LS2_2022-23_101.wav,0.579,2.4210000000000003
LS2_2022-23_102.wav,0.623,2.377
LS2_2022-23_103.wav,0.572,2.428
LS2_2022-23_104.wav,0.565,2.435
LS2_2022-23_105.wav,0.559,2.441
LS2_2022-23_106.wav,0.668,2.332
LS2_2022-23_107.wav,0.565,2.435
LS2_2022-23_108.wav,0.54,2.46
LS2_2022-23_109.wav,0.572,2.428
LS2_2022-23_11.wav,0.61,2.39
LS2_2022-23_110.wav,0.54,2.46
LS2_2022-23_111.wav,0.616,2.384
LS2_2022-23_112.wav,0.578,2.422
LS2_2022-23_113.wav,0.488,2.512
LS2_2022-23_114.wav,0.565,2.435
LS2_2022-23_115.wav,0.546,2.4539999999999997
LS2_2022-23_116.wav,0.572,2.428
LS2_2022-23_117.wav,0.52,2.48
LS2_2022-23_118.wav,0.52,2.48
LS2_2022-23_119.wav,0.591,2.409
LS2_2022-23_12.wav,0.624,2.376
LS2_2022-23_120.wav,0.572,2.428
LS2_2022-23_121.wav,0.579,2.4210000000000003
LS2_2022-23_122.wav,0.553,2.447
LS2_2022-23_123.wav,0.508,2.492
LS2_2022-23_124.wav,0.546,2.4539999999999997
LS2_2022-23_125.wav,0.597,2.403
LS2_2022-23_126.wav,0.572,2.428
LS2_2022-23_127.wav,0.585,2.415
LS2_2022-23_128.wav,0.566,2.434
LS2_2022-23_129.wav,0.539,2.461
LS2_2022-23_13.wav,0.655,2.3449999999999998
LS2_2022-23_130.wav,0.572,2.428
LS2_2022-23_131.wav,0.533,2.467
LS2_2022-23_132.wav,0.539,2.461
LS2_2022-23_133.wav,0.553,2.447
LS2_2022-23_134.wav,0.604,2.396
LS2_2022-23_135.wav,0.624,2.376
LS2_2022-23_136.wav,0.585,2.415
LS2_2022-23_137.wav,0.546,2.4539999999999997
LS2_2022-23_138.wav,0.688,2.3120000000000003
LS2_2022-23_139.wav,0.623,2.377
LS2_2022-23_14.wav,0.501,2.499
LS2_2022-23_140.wav,0.598,2.402
LS2_2022-23_141.wav,0.566,2.434
LS2_2022-23_142.wav,0.623,2.377
LS2_2022-23_143.wav,0.578,2.422
LS2_2022-23_144.wav,0.54,2.46
LS2_2022-23_145.wav,0.585,2.415
LS2_2022-23_146.wav,0.443,2.557
LS2_2022-23_147.wav,0.475,2.525
LS2_2022-23_148.wav,0.443,2.557
LS2_2022-23_149.wav,0.482,2.518
LS2_2022-23_15.wav,0.539,2.461
LS2_2022-23_150.wav,0.443,2.557
LS2_2022-23_151.wav,0.495,2.505
LS2_2022-23_152.wav,0.527,2.473
LS2_2022-23_153.wav,0.501,2.499
LS2_2022-23_154.wav,0.456,2.544
LS2_2022-23_155.wav,0.533,2.467
LS2_2022-23_156.wav,0.476,2.524
LS2_2022-23_157.wav,0.476,2.524
LS2_2022-23_158.wav,0.476,2.524
LS2_2022-23_159.wav,0.565,2.435
LS2_2022-23_16.wav,0.463,2.537
LS2_2022-23_160.wav,0.489,2.511
LS2_2022-23_161.wav,0.527,2.473
LS2_2022-23_162.wav,0.508,2.492
LS2_2022-23_163.wav,0.533,2.467
LS2_2022-23_164.wav,0.572,2.428
LS2_2022-23_165.wav,0.552,2.448
LS2_2022-23_166.wav,0.578,2.422
LS2_2022-23_167.wav,0.552,2.448
LS2_2022-23_168.wav,0.546,2.4539999999999997
LS2_2022-23_169.wav,0.662,2.338
LS2_2022-23_17.wav,0.502,2.498
LS2_2022-23_170.wav,0.662,2.338
LS2_2022-23_171.wav,0.629,2.371
LS2_2022-23_172.wav,0.636,2.364
LS2_2022-23_173.wav,0.591,2.409
LS2_2022-23_174.wav,0.527,2.473
LS2_2022-23_175.wav,0.578,2.422
LS2_2022-23_176.wav,0.559,2.441
LS2_2022-23_177.wav,0.552,2.448
LS2_2022-23_178.wav,0.591,2.409
LS2_2022-23_179.wav,0.521,2.479
LS2_2022-23_18.wav,0.508,2.492
LS2_2022-23_180.wav,0.559,2.441
LS2_2022-23_181.wav,0.527,2.473
LS2_2022-23_182.wav,0.54,2.46
LS2_2022-23_183.wav,0.552,2.448
LS2_2022-23_184.wav,0.578,2.422
LS2_2022-23_185.wav,0.546,2.4539999999999997
LS2_2022-23_186.wav,0.552,2.448
LS2_2022-23_187.wav,0.598,2.402
LS2_2022-23_188.wav,0.559,2.441
LS2_2022-23_189.wav,0.527,2.473
LS2_2022-23_19.wav,0.489,2.511
LS2_2022-23_190.wav,0.54,2.46
LS2_2022-23_191.wav,0.54,2.46
LS2_2022-23_192.wav,0.572,2.428
LS2_2022-23_193.wav,0.469,2.531
LS2_2022-23_194.wav,0.578,2.422
LS2_2022-23_195.wav,0.534,2.466
LS2_2022-23_196.wav,0.54,2.46
LS2_2022-23_197.wav,0.604,2.396
LS2_2022-23_198.wav,0.597,2.403
LS2_2022-23_199.wav,0.649,2.351
LS2_2022-23_2.wav,0.476,2.524
LS2_2022-23_20.wav,0.54,2.46
LS2_2022-23_200.wav,0.553,2.447
LS2_2022-23_201.wav,0.565,2.435
LS2_2022-23_202.wav,0.604,2.396
LS2_2022-23_203.wav,0.675,2.325
LS2_2022-23_204.wav,0.559,2.441
LS2_2022-23_205.wav,0.54,2.46
LS2_2022-23_206.wav,0.584,2.416
LS2_2022-23_207.wav,0.552,2.448
LS2_2022-23_208.wav,0.656,2.344
LS2_2022-23_209.wav,0.623,2.377
LS2_2022-23_21.wav,0.527,2.473
LS2_2022-23_210.wav,0.572,2.428
LS2_2022-23_211.wav,0.656,2.344
LS2_2022-23_212.wav,0.553,2.447
LS2_2022-23_213.wav,0.668,2.332
LS2_2022-23_214.wav,0.642,2.358
LS2_2022-23_215.wav,0.681,2.319
LS2_2022-23_216.wav,0.591,2.409
LS2_2022-23_217.wav,0.655,2.3449999999999998
LS2_2022-23_218.wav,0.694,2.306
LS2_2022-23_219.wav,0.675,2.325
LS2_2022-23_22.wav,0.502,2.498
LS2_2022-23_220.wav,0.643,2.357
LS2_2022-23_221.wav,0.694,2.306
LS2_2022-23_222.wav,0.629,2.371
LS2_2022-23_223.wav,0.617,2.383
LS2_2022-23_224.wav,0.656,2.344
LS2_2022-23_225.wav,0.578,2.422
LS2_2022-23_226.wav,0.604,2.396
LS2_2022-23_227.wav,0.681,2.319
LS2_2022-23_228.wav,0.636,2.364
LS2_2022-23_229.wav,0.623,2.377
LS2_2022-23_23.wav,0.539,2.461
LS2_2022-23_230.wav,0.662,2.338
LS2_2022-23_231.wav,0.604,2.396
LS2_2022-23_232.wav,0.7,2.3
LS2_2022-23_233.wav,0.694,2.306
LS2_2022-23_234.wav,0.714,2.286
LS2_2022-23_235.wav,0.565,2.435
LS2_2022-23_236.wav,0.591,2.409
LS2_2022-23_237.wav,0.662,2.338
LS2_2022-23_238.wav,0.668,2.332
LS2_2022-23_239.wav,0.745,2.255
LS2_2022-23_24.wav,0.501,2.499
LS2_2022-23_240.wav,0.617,2.383
LS2_2022-23_241.wav,0.611,2.3890000000000002
LS2_2022-23_242.wav,0.527,2.473
LS2_2022-23_243.wav,0.675,2.325
LS2_2022-23_244.wav,0.579,2.4210000000000003
LS2_2022-23_245.wav,0.688,2.3120000000000003
LS2_2022-23_246.wav,0.52,2.48
LS2_2022-23_247.wav,0.668,2.332
LS2_2022-23_248.wav,0.655,2.3449999999999998
LS2_2022-23_249.wav,0.643,2.357
LS2_2022-23_25.wav,0.604,2.396
LS2_2022-23_250.wav,0.72,2.2800000000000002
LS2_2022-23_251.wav,0.63,2.37
LS2_2022-23_252.wav,0.475,2.525
LS2_2022-23_253.wav,0.617,2.383
LS2_2022-23_254.wav,0.649,2.351
LS2_2022-23_255.wav,0.649,2.351
LS2_2022-23_256.wav,0.488,2.512
LS2_2022-23_257.wav,0.572,2.428
LS2_2022-23_258.wav,0.597,2.403
LS2_2022-23_259.wav,0.521,2.479
LS2_2022-23_26.wav,0.533,2.467
LS2_2022-23_260.wav,0.584,2.416
LS2_2022-23_261.wav,0.584,2.416
LS2_2022-23_262.wav,0.668,2.332
LS2_2022-23_263.wav,0.54,2.46
LS2_2022-23_264.wav,0.566,2.434
LS2_2022-23_265.wav,0.604,2.396
LS2_2022-23_266.wav,0.507,2.493
LS2_2022-23_267.wav,0.553,2.447
LS2_2022-23_268.wav,0.469,2.531
LS2_2022-23_269.wav,0.642,2.358
LS2_2022-23_27.wav,0.553,2.447
LS2_2022-23_270.wav,0.469,2.531
LS2_2022-23_271.wav,0.533,2.467
LS2_2022-23_272.wav,0.476,2.524
LS2_2022-23_273.wav,0.508,2.492
LS2_2022-23_274.wav,0.488,2.512
LS2_2022-23_275.wav,0.489,2.511
LS2_2022-23_276.wav,0.488,2.512
LS2_2022-23_277.wav,0.527,2.473
LS2_2022-23_278.wav,0.514,2.4859999999999998
LS2_2022-23_279.wav,0.629,2.371
LS2_2022-23_28.wav,0.566,2.434
LS2_2022-23_280.wav,0.566,2.434
LS2_2022-23_281.wav,0.54,2.46
LS2_2022-23_282.wav,0.623,2.377
LS2_2022-23_283.wav,0.617,2.383
LS2_2022-23_284.wav,0.501,2.499
LS2_2022-23_285.wav,0.514,2.4859999999999998
LS2_2022-23_286.wav,0.572,2.428
LS2_2022-23_287.wav,0.482,2.518
LS2_2022-23_288.wav,0.489,2.511
LS2_2022-23_289.wav,0.578,2.422
LS2_2022-23_29.wav,0.578,2.422
LS2_2022-23_290.wav,0.533,2.467
LS2_2022-23_291.wav,0.514,2.4859999999999998
LS2_2022-23_292.wav,0.514,2.4859999999999998
LS2_2022-23_293.wav,0.514,2.4859999999999998
LS2_2022-23_294.wav,0.546,2.4539999999999997
LS2_2022-23_295.wav,0.546,2.4539999999999997
LS2_2022-23_296.wav,0.546,2.4539999999999997
LS2_2022-23_297.wav,0.539,2.461
LS2_2022-23_298.wav,0.501,2.499
LS2_2022-23_299.wav,0.488,2.512
LS2_2022-23_3.wav,0.495,2.505
LS2_2022-23_30.wav,0.559,2.441
LS2_2022-23_300.wav,0.547,2.453
LS2_2022-23_301.wav,0.521,2.479
LS2_2022-23_302.wav,0.553,2.447
LS2_2022-23_303.wav,0.553,2.447
LS2_2022-23_304.wav,0.508,2.492
LS2_2022-23_305.wav,0.52,2.48
LS2_2022-23_306.wav,0.495,2.505
LS2_2022-23_307.wav,0.521,2.479
LS2_2022-23_308.wav,0.495,2.505
LS2_2022-23_309.wav,0.559,2.441
LS2_2022-23_31.wav,0.565,2.435
LS2_2022-23_310.wav,0.495,2.505
LS2_2022-23_311.wav,0.476,2.524
LS2_2022-23_312.wav,0.553,2.447
LS2_2022-23_313.wav,0.514,2.4859999999999998
LS2_2022-23_314.wav,0.598,2.402
LS2_2022-23_315.wav,0.61,2.39
LS2_2022-23_316.wav,0.527,2.473
LS2_2022-23_317.wav,0.585,2.415
LS2_2022-23_318.wav,0.655,2.3449999999999998
LS2_2022-23_319.wav,0.611,2.3890000000000002
LS2_2022-23_32.wav,0.476,2.524
LS2_2022-23_320.wav,0.572,2.428
LS2_2022-23_321.wav,0.597,2.403
LS2_2022-23_322.wav,0.565,2.435
LS2_2022-23_323.wav,0.572,2.428
LS2_2022-23_324.wav,0.649,2.351
LS2_2022-23_325.wav,0.578,2.422
LS2_2022-23_326.wav,0.462,2.538
LS2_2022-23_327.wav,0.636,2.364
LS2_2022-23_328.wav,0.553,2.447
LS2_2022-23_329.wav,0.501,2.499
LS2_2022-23_33.wav,0.54,2.46
LS2_2022-23_330.wav,0.585,2.415
LS2_2022-23_331.wav,0.552,2.448
LS2_2022-23_332.wav,0.636,2.364
LS2_2022-23_333.wav,0.572,2.428
LS2_2022-23_334.wav,0.572,2.428
LS2_2022-23_335.wav,0.501,2.499
LS2_2022-23_336.wav,0.546,2.4539999999999997
LS2_2022-23_337.wav,0.553,2.447
LS2_2022-23_338.wav,0.591,2.409
LS2_2022-23_339.wav,0.579,2.4210000000000003
LS2_2022-23_34.wav,0.494,2.5060000000000002
LS2_2022-23_340.wav,0.54,2.46
LS2_2022-23_341.wav,0.475,2.525
LS2_2022-23_342.wav,0.546,2.4539999999999997
LS2_2022-23_343.wav,0.617,2.383
LS2_2022-23_344.wav,0.495,2.505
LS2_2022-23_345.wav,0.584,2.416
LS2_2022-23_346.wav,0.617,2.383
LS2_2022-23_347.wav,0.559,2.441
LS2_2022-23_348.wav,0.63,2.37
LS2_2022-23_349.wav,0.52,2.48
LS2_2022-23_35.wav,0.495,2.505
LS2_2022-23_350.wav,0.578,2.422
LS2_2022-23_351.wav,0.61,2.39
LS2_2022-23_352.wav,0.546,2.4539999999999997
LS2_2022-23_353.wav,0.629,2.371
LS2_2022-23_354.wav,0.694,2.306
LS2_2022-23_355.wav,0.629,2.371
LS2_2022-23_356.wav,0.661,2.339
LS2_2022-23_357.wav,0.675,2.325
LS2_2022-23_358.wav,0.578,2.422
LS2_2022-23_359.wav,0.533,2.467
LS2_2022-23_36.wav,0.469,2.531
LS2_2022-23_360.wav,0.624,2.376
LS2_2022-23_361.wav,0.617,2.383
LS2_2022-23_362.wav,0.571,2.4290000000000003
LS2_2022-23_363.wav,0.521,2.479
LS2_2022-23_364.wav,0.502,2.498
LS2_2022-23_365.wav,0.52,2.48
LS2_2022-23_366.wav,0.437,2.563
LS2_2022-23_367.wav,0.457,2.543
LS2_2022-23_368.wav,0.508,2.492
LS2_2022-23_369.wav,0.476,2.524
LS2_2022-23_37.wav,0.482,2.518
LS2_2022-23_370.wav,0.501,2.499
LS2_2022-23_371.wav,0.489,2.511
LS2_2022-23_372.wav,0.578,2.422
LS2_2022-23_373.wav,0.54,2.46
LS2_2022-23_374.wav,0.572,2.428
LS2_2022-23_375.wav,0.643,2.357
LS2_2022-23_376.wav,0.598,2.402
LS2_2022-23_377.wav,0.527,2.473
LS2_2022-23_378.wav,0.61,2.39
LS2_2022-23_379.wav,0.598,2.402
LS2_2022-23_38.wav,0.482,2.518
LS2_2022-23_380.wav,0.681,2.319
LS2_2022-23_381.wav,0.527,2.473
LS2_2022-23_382.wav,0.674,2.326
LS2_2022-23_383.wav,0.617,2.383
LS2_2022-23_384.wav,0.571,2.4290000000000003
LS2_2022-23_385.wav,0.566,2.434
LS2_2022-23_386.wav,0.674,2.326
LS2_2022-23_387.wav,0.559,2.441
LS2_2022-23_39.wav,0.585,2.415
LS2_2022-23_4.wav,0.546,2.4539999999999997
LS2_2022-23_40.wav,0.526,2.474
LS2_2022-23_41.wav,0.456,2.544
LS2_2022-23_42.wav,0.521,2.479
LS2_2022-23_43.wav,0.476,2.524
LS2_2022-23_44.wav,0.611,2.3890000000000002
LS2_2022-23_45.wav,0.52,2.48
LS2_2022-23_46.wav,0.546,2.4539999999999997
LS2_2022-23_47.wav,0.521,2.479
LS2_2022-23_48.wav,0.507,2.493
LS2_2022-23_49.wav,0.482,2.518
LS2_2022-23_5.wav,0.604,2.396
LS2_2022-23_50.wav,0.585,2.415
LS2_2022-23_51.wav,0.546,2.4539999999999997
LS2_2022-23_52.wav,0.565,2.435
LS2_2022-23_53.wav,0.527,2.473
LS2_2022-23_54.wav,0.539,2.461
LS2_2022-23_55.wav,0.559,2.441
LS2_2022-23_56.wav,0.533,2.467
LS2_2022-23_57.wav,0.566,2.434
LS2_2022-23_58.wav,0.553,2.447
LS2_2022-23_59.wav,0.514,2.4859999999999998
LS2_2022-23_6.wav,0.617,2.383
LS2_2022-23_60.wav,0.571,2.4290000000000003
LS2_2022-23_61.wav,0.552,2.448
LS2_2022-23_62.wav,0.481,2.519
LS2_2022-23_63.wav,0.655,2.3449999999999998
LS2_2022-23_64.wav,0.643,2.357
LS2_2022-23_65.wav,0.584,2.416
LS2_2022-23_66.wav,0.533,2.467
LS2_2022-23_67.wav,0.482,2.518
LS2_2022-23_68.wav,0.585,2.415
LS2_2022-23_69.wav,0.617,2.383
LS2_2022-23_7.wav,0.494,2.5060000000000002
LS2_2022-23_70.wav,0.508,2.492
LS2_2022-23_71.wav,0.578,2.422
LS2_2022-23_72.wav,0.508,2.492
LS2_2022-23_73.wav,0.604,2.396
LS2_2022-23_74.wav,0.463,2.537
LS2_2022-23_75.wav,0.527,2.473
LS2_2022-23_76.wav,0.508,2.492
LS2_2022-23_77.wav,0.476,2.524
LS2_2022-23_78.wav,0.527,2.473
LS2_2022-23_79.wav,0.54,2.46
LS2_2022-23_8.wav,0.617,2.383
LS2_2022-23_80.wav,0.508,2.492
LS2_2022-23_81.wav,0.54,2.46
LS2_2022-23_82.wav,0.578,2.422
LS2_2022-23_83.wav,0.546,2.4539999999999997
LS2_2022-23_84.wav,0.54,2.46
LS2_2022-23_85.wav,0.553,2.447
LS2_2022-23_86.wav,0.623,2.377
LS2_2022-23_87.wav,0.546,2.4539999999999997
LS2_2022-23_88.wav,0.507,2.493
LS2_2022-23_89.wav,0.572,2.428
LS2_2022-23_9.wav,0.649,2.351
LS2_2022-23_90.wav,0.501,2.499
LS2_2022-23_91.wav,0.546,2.4539999999999997
LS2_2022-23_92.wav,0.585,2.415
LS2_2022-23_93.wav,0.579,2.4210000000000003
LS2_2022-23_94.wav,0.591,2.409
LS2_2022-23_95.wav,0.552,2.448
LS2_2022-23_96.wav,0.566,2.434
LS2_2022-23_97.wav,0.585,2.415
LS2_2022-23_98.wav,0.54,2.46
LS2_2022-23_99.wav,0.521,2.479
LS3_2022-23_0.wav,0.564,2.436
LS3_2022-23_1.wav,0.509,2.491
LS3_2022-23_10.wav,0.582,2.418
LS3_2022-23_100.wav,0.982,2.018
LS3_2022-23_101.wav,0.936,2.064
LS3_2022-23_102.wav,0.909,2.091
LS3_2022-23_103.wav,0.826,2.174
LS3_2022-23_104.wav,0.854,2.146
LS3_2022-23_105.wav,0.945,2.055
LS3_2022-23_106.wav,0.909,2.091
LS3_2022-23_107.wav,0.927,2.073
LS3_2022-23_108.wav,0.881,2.1189999999999998
LS3_2022-23_109.wav,0.981,2.019
LS3_2022-23_11.wav,0.536,2.464
LS3_2022-23_110.wav,1.0,2.0
LS3_2022-23_111.wav,0.9,2.1
LS3_2022-23_112.wav,0.89,2.11
LS3_2022-23_113.wav,0.954,2.0460000000000003
LS3_2022-23_114.wav,0.985,2.015
LS3_2022-23_115.wav,0.997,2.003
LS3_2022-23_116.wav,0.981,2.019
LS3_2022-23_117.wav,0.977,2.023
LS3_2022-23_118.wav,0.997,2.003
LS3_2022-23_119.wav,0.908,2.092
LS3_2022-23_12.wav,0.481,2.519
LS3_2022-23_120.wav,0.918,2.082
LS3_2022-23_121.wav,0.827,2.173
LS3_2022-23_122.wav,0.854,2.146
LS3_2022-23_123.wav,0.908,2.092
LS3_2022-23_124.wav,0.927,2.073
LS3_2022-23_125.wav,0.854,2.146
LS3_2022-23_126.wav,0.845,2.1550000000000002
LS3_2022-23_127.wav,0.8,2.2
LS3_2022-23_128.wav,0.882,2.118
LS3_2022-23_129.wav,0.854,2.146
LS3_2022-23_13.wav,0.554,2.4459999999999997
LS3_2022-23_130.wav,0.79,2.21
LS3_2022-23_131.wav,0.827,2.173
LS3_2022-23_132.wav,0.791,2.209
LS3_2022-23_133.wav,0.891,2.109
LS3_2022-23_134.wav,0.992,2.008
LS3_2022-23_135.wav,0.854,2.146
LS3_2022-23_136.wav,0.948,2.052
LS3_2022-23_137.wav,0.945,2.055
LS3_2022-23_138.wav,0.718,2.282
LS3_2022-23_139.wav,0.872,2.128
LS3_2022-23_14.wav,0.555,2.445
LS3_2022-23_140.wav,0.754,2.246
LS3_2022-23_141.wav,0.864,2.136
LS3_2022-23_142.wav,0.772,2.2279999999999998
LS3_2022-23_143.wav,0.9,2.1
LS3_2022-23_144.wav,0.854,2.146
LS3_2022-23_145.wav,0.927,2.073
LS3_2022-23_146.wav,0.781,2.219
LS3_2022-23_147.wav,0.917,2.083
LS3_2022-23_148.wav,0.9,2.1
LS3_2022-23_149.wav,0.936,2.064
LS3_2022-23_15.wav,0.573,2.427
LS3_2022-23_150.wav,1.0,2.0
LS3_2022-23_151.wav,0.972,2.028
LS3_2022-23_152.wav,0.972,2.028
LS3_2022-23_153.wav,0.969,2.031
LS3_2022-23_154.wav,0.845,2.1550000000000002
LS3_2022-23_155.wav,0.891,2.109
LS3_2022-23_156.wav,1.0,2.0
LS3_2022-23_157.wav,0.991,2.009
LS3_2022-23_158.wav,0.9,2.1
LS3_2022-23_159.wav,0.809,2.191
LS3_2022-23_16.wav,0.518,2.482
LS3_2022-23_160.wav,0.845,2.1550000000000002
LS3_2022-23_161.wav,0.998,2.002
LS3_2022-23_162.wav,0.936,2.064
LS3_2022-23_163.wav,0.845,2.1550000000000002
LS3_2022-23_164.wav,0.927,2.073
LS3_2022-23_165.wav,0.882,2.118
LS3_2022-23_166.wav,0.909,2.091
LS3_2022-23_167.wav,0.936,2.064
LS3_2022-23_168.wav,0.963,2.037
LS3_2022-23_169.wav,0.654,2.346
LS3_2022-23_17.wav,0.527,2.473
LS3_2022-23_170.wav,0.755,2.245
LS3_2022-23_171.wav,0.736,2.2640000000000002
LS3_2022-23_172.wav,0.827,2.173
LS3_2022-23_173.wav,0.872,2.128
LS3_2022-23_174.wav,0.872,2.128
LS3_2022-23_175.wav,0.917,2.083
LS3_2022-23_176.wav,0.791,2.209
LS3_2022-23_177.wav,0.863,2.137
LS3_2022-23_178.wav,0.845,2.1550000000000002
LS3_2022-23_179.wav,0.763,2.237
LS3_2022-23_18.wav,0.582,2.418
LS3_2022-23_180.wav,0.854,2.146
LS3_2022-23_181.wav,0.482,2.518
LS3_2022-23_182.wav,0.809,2.191
LS3_2022-23_183.wav,0.918,2.082
LS3_2022-23_184.wav,0.909,2.091
LS3_2022-23_185.wav,0.936,2.064
LS3_2022-23_186.wav,0.99,2.01
LS3_2022-23_187.wav,0.763,2.237
LS3_2022-23_188.wav,0.845,2.1550000000000002
LS3_2022-23_189.wav,0.917,2.083
LS3_2022-23_19.wav,0.563,2.4370000000000003
LS3_2022-23_190.wav,0.654,2.346
LS3_2022-23_191.wav,0.718,2.282
LS3_2022-23_192.wav,0.718,2.282
LS3_2022-23_193.wav,0.8,2.2
LS3_2022-23_194.wav,0.945,2.055
LS3_2022-23_195.wav,0.9,2.1
LS3_2022-23_196.wav,0.827,2.173
LS3_2022-23_197.wav,0.908,2.092
LS3_2022-23_198.wav,0.936,2.064
LS3_2022-23_199.wav,0.959,2.041
LS3_2022-23_2.wav,0.618,2.382
LS3_2022-23_20.wav,0.536,2.464
LS3_2022-23_200.wav,0.978,2.0220000000000002
LS3_2022-23_201.wav,0.954,2.0460000000000003
LS3_2022-23_202.wav,0.927,2.073
LS3_2022-23_203.wav,0.997,2.003
LS3_2022-23_204.wav,0.79,2.21
LS3_2022-23_205.wav,0.69,2.31
LS3_2022-23_206.wav,0.809,2.191
LS3_2022-23_207.wav,1.0,2.0
LS3_2022-23_208.wav,0.927,2.073
LS3_2022-23_209.wav,0.909,2.091
LS3_2022-23_21.wav,0.59,2.41
LS3_2022-23_210.wav,0.927,2.073
LS3_2022-23_211.wav,0.982,2.018
LS3_2022-23_212.wav,0.872,2.128
LS3_2022-23_213.wav,0.945,2.055
LS3_2022-23_214.wav,0.873,2.127
LS3_2022-23_215.wav,0.863,2.137
LS3_2022-23_216.wav,0.971,2.029
LS3_2022-23_217.wav,0.992,2.008
LS3_2022-23_218.wav,0.91,2.09
LS3_2022-23_219.wav,0.951,2.049
LS3_2022-23_22.wav,0.536,2.464
LS3_2022-23_220.wav,0.999,2.001
LS3_2022-23_221.wav,0.948,2.052
LS3_2022-23_222.wav,0.682,2.318
LS3_2022-23_223.wav,0.882,2.118
LS3_2022-23_224.wav,0.926,2.074
LS3_2022-23_225.wav,0.927,2.073
LS3_2022-23_226.wav,0.994,2.0060000000000002
LS3_2022-23_227.wav,0.836,2.164
LS3_2022-23_228.wav,0.963,2.037
LS3_2022-23_229.wav,0.909,2.091
LS3_2022-23_23.wav,0.5,2.5
LS3_2022-23_230.wav,0.836,2.164
LS3_2022-23_231.wav,0.827,2.173
LS3_2022-23_232.wav,0.909,2.091
LS3_2022-23_233.wav,0.908,2.092
LS3_2022-23_234.wav,0.972,2.028
LS3_2022-23_235.wav,0.982,2.018
LS3_2022-23_236.wav,1.0,2.0
LS3_2022-23_237.wav,0.993,2.007
LS3_2022-23_238.wav,0.977,2.023
LS3_2022-23_239.wav,0.952,2.048
LS3_2022-23_24.wav,0.509,2.491
LS3_2022-23_240.wav,0.99,2.01
LS3_2022-23_241.wav,1.0,2.0
LS3_2022-23_242.wav,0.993,2.007
LS3_2022-23_243.wav,0.993,2.007
LS3_2022-23_244.wav,0.939,2.061
LS3_2022-23_245.wav,0.998,2.002
LS3_2022-23_246.wav,0.999,2.001
LS3_2022-23_247.wav,0.954,2.0460000000000003
LS3_2022-23_248.wav,0.998,2.002
LS3_2022-23_249.wav,0.864,2.136
LS3_2022-23_25.wav,0.491,2.509
LS3_2022-23_250.wav,0.967,2.033
LS3_2022-23_251.wav,0.996,2.004
LS3_2022-23_252.wav,0.936,2.064
LS3_2022-23_253.wav,0.908,2.092
LS3_2022-23_254.wav,0.999,2.001
LS3_2022-23_255.wav,0.981,2.019
LS3_2022-23_256.wav,0.918,2.082
LS3_2022-23_257.wav,0.958,2.042
LS3_2022-23_258.wav,0.909,2.091
LS3_2022-23_259.wav,0.999,2.001
LS3_2022-23_26.wav,0.727,2.273
LS3_2022-23_260.wav,1.0,2.0
LS3_2022-23_261.wav,0.997,2.003
LS3_2022-23_262.wav,0.949,2.051
LS3_2022-23_263.wav,0.981,2.019
LS3_2022-23_264.wav,0.736,2.2640000000000002
LS3_2022-23_265.wav,0.736,2.2640000000000002
LS3_2022-23_266.wav,0.982,2.018
LS3_2022-23_267.wav,0.972,2.028
LS3_2022-23_268.wav,0.978,2.0220000000000002
LS3_2022-23_269.wav,0.999,2.001
LS3_2022-23_27.wav,0.6,2.4
LS3_2022-23_270.wav,0.99,2.01
LS3_2022-23_271.wav,0.954,2.0460000000000003
LS3_2022-23_272.wav,0.997,2.003
LS3_2022-23_273.wav,0.997,2.003
LS3_2022-23_274.wav,0.994,2.0060000000000002
LS3_2022-23_275.wav,0.999,2.001
LS3_2022-23_276.wav,0.999,2.001
LS3_2022-23_277.wav,0.993,2.007
LS3_2022-23_278.wav,0.89,2.11
LS3_2022-23_279.wav,0.998,2.002
LS3_2022-23_28.wav,0.618,2.382
LS3_2022-23_280.wav,0.999,2.001
LS3_2022-23_281.wav,0.99,2.01
LS3_2022-23_282.wav,0.998,2.002
LS3_2022-23_283.wav,0.908,2.092
LS3_2022-23_284.wav,0.891,2.109
LS3_2022-23_285.wav,0.967,2.033
LS3_2022-23_286.wav,1.0,2.0
LS3_2022-23_287.wav,0.905,2.0949999999999998
LS3_2022-23_288.wav,0.963,2.037
LS3_2022-23_289.wav,0.909,2.091
LS3_2022-23_29.wav,0.618,2.382
LS3_2022-23_290.wav,0.855,2.145
LS3_2022-23_291.wav,0.978,2.0220000000000002
LS3_2022-23_292.wav,0.991,2.009
LS3_2022-23_293.wav,0.916,2.084
LS3_2022-23_294.wav,1.0,2.0
LS3_2022-23_295.wav,0.826,2.174
LS3_2022-23_296.wav,0.985,2.015
LS3_2022-23_297.wav,0.982,2.018
LS3_2022-23_298.wav,0.982,2.018
LS3_2022-23_299.wav,0.993,2.007
LS3_2022-23_3.wav,0.536,2.464
LS3_2022-23_30.wav,0.554,2.4459999999999997
LS3_2022-23_300.wav,0.998,2.002
LS3_2022-23_301.wav,0.845,2.1550000000000002
LS3_2022-23_302.wav,0.982,2.018
LS3_2022-23_303.wav,0.972,2.028
LS3_2022-23_304.wav,0.997,2.003
LS3_2022-23_305.wav,0.944,2.056
LS3_2022-23_306.wav,0.945,2.055
LS3_2022-23_307.wav,0.981,2.019
LS3_2022-23_308.wav,0.846,2.154
LS3_2022-23_309.wav,0.672,2.328
LS3_2022-23_31.wav,0.528,2.472
LS3_2022-23_310.wav,0.6,2.4
LS3_2022-23_32.wav,0.537,2.463
LS3_2022-23_33.wav,0.618,2.382
LS3_2022-23_34.wav,0.654,2.346
LS3_2022-23_35.wav,0.564,2.436
LS3_2022-23_36.wav,0.609,2.391
LS3_2022-23_37.wav,0.59,2.41
LS3_2022-23_38.wav,0.599,2.401
LS3_2022-23_39.wav,0.582,2.418
LS3_2022-23_4.wav,0.446,2.554
LS3_2022-23_40.wav,0.599,2.401
LS3_2022-23_41.wav,0.6,2.4
LS3_2022-23_42.wav,0.555,2.445
LS3_2022-23_43.wav,0.536,2.464
LS3_2022-23_44.wav,0.545,2.455
LS3_2022-23_45.wav,0.573,2.427
LS3_2022-23_46.wav,0.6,2.4
LS3_2022-23_47.wav,0.545,2.455
LS3_2022-23_48.wav,0.545,2.455
LS3_2022-23_49.wav,0.645,2.355
LS3_2022-23_5.wav,0.573,2.427
LS3_2022-23_50.wav,0.582,2.418
LS3_2022-23_51.wav,0.654,2.346
LS3_2022-23_52.wav,0.563,2.4370000000000003
LS3_2022-23_53.wav,0.573,2.427
LS3_2022-23_54.wav,0.664,2.336
LS3_2022-23_55.wav,0.618,2.382
LS3_2022-23_56.wav,0.7,2.3
LS3_2022-23_57.wav,0.691,2.309
LS3_2022-23_58.wav,0.518,2.482
LS3_2022-23_59.wav,0.763,2.237
LS3_2022-23_6.wav,0.554,2.4459999999999997
LS3_2022-23_60.wav,0.772,2.2279999999999998
LS3_2022-23_61.wav,0.681,2.319
LS3_2022-23_62.wav,0.518,2.482
LS3_2022-23_63.wav,0.627,2.373
LS3_2022-23_64.wav,0.636,2.364
LS3_2022-23_65.wav,0.672,2.328
LS3_2022-23_66.wav,0.636,2.364
LS3_2022-23_67.wav,0.709,2.291
LS3_2022-23_68.wav,0.627,2.373
LS3_2022-23_69.wav,0.691,2.309
LS3_2022-23_7.wav,0.518,2.482
LS3_2022-23_70.wav,0.627,2.373
LS3_2022-23_71.wav,0.672,2.328
LS3_2022-23_72.wav,0.636,2.364
LS3_2022-23_73.wav,0.618,2.382
LS3_2022-23_74.wav,0.59,2.41
LS3_2022-23_75.wav,0.636,2.364
LS3_2022-23_76.wav,0.663,2.3369999999999997
LS3_2022-23_77.wav,0.6,2.4
LS3_2022-23_78.wav,0.8,2.2
LS3_2022-23_79.wav,0.745,2.255
LS3_2022-23_8.wav,0.555,2.445
LS3_2022-23_80.wav,0.673,2.327
LS3_2022-23_81.wav,0.672,2.328
LS3_2022-23_82.wav,0.691,2.309
LS3_2022-23_83.wav,0.808,2.192
LS3_2022-23_84.wav,0.609,2.391
LS3_2022-23_85.wav,0.645,2.355
LS3_2022-23_86.wav,0.545,2.455
LS3_2022-23_87.wav,0.773,2.227
LS3_2022-23_88.wav,0.691,2.309
LS3_2022-23_89.wav,0.992,2.008
LS3_2022-23_9.wav,0.582,2.418
LS3_2022-23_90.wav,0.992,2.008
LS3_2022-23_91.wav,0.936,2.064
LS3_2022-23_92.wav,0.982,2.018
LS3_2022-23_93.wav,0.987,2.013
LS3_2022-23_94.wav,0.994,2.0060000000000002
LS3_2022-23_95.wav,0.994,2.0060000000000002
LS3_2022-23_96.wav,0.996,2.004
LS3_2022-23_97.wav,0.997,2.003
LS3_2022-23_98.wav,0.973,2.027
LS3_2022-23_99.wav,0.782,2.218
LS6_2022-23_0.wav,0.954,2.0460000000000003
LS6_2022-23_1.wav,0.793,2.207
LS6_2022-23_10.wav,0.793,2.207
LS6_2022-23_100.wav,0.985,2.015
LS6_2022-23_101.wav,0.917,2.083
LS6_2022-23_102.wav,0.968,2.032
LS6_2022-23_103.wav,0.965,2.035
LS6_2022-23_104.wav,0.992,2.008
LS6_2022-23_105.wav,0.984,2.016
LS6_2022-23_106.wav,0.881,2.1189999999999998
LS6_2022-23_107.wav,0.784,2.216
LS6_2022-23_108.wav,0.863,2.137
LS6_2022-23_109.wav,0.889,2.1109999999999998
LS6_2022-23_11.wav,0.769,2.231
LS6_2022-23_110.wav,0.959,2.041
LS6_2022-23_111.wav,0.87,2.13
LS6_2022-23_112.wav,0.871,2.129
LS6_2022-23_113.wav,0.832,2.168
LS6_2022-23_114.wav,0.684,2.316
LS6_2022-23_115.wav,0.871,2.129
LS6_2022-23_116.wav,0.924,2.076
LS6_2022-23_117.wav,0.843,2.157
LS6_2022-23_118.wav,0.868,2.132
LS6_2022-23_119.wav,0.97,2.0300000000000002
LS6_2022-23_12.wav,0.813,2.1870000000000003
LS6_2022-23_120.wav,0.774,2.226
LS6_2022-23_121.wav,0.932,2.068
LS6_2022-23_122.wav,0.964,2.036
LS6_2022-23_123.wav,0.908,2.092
LS6_2022-23_124.wav,0.992,2.008
LS6_2022-23_125.wav,0.984,2.016
LS6_2022-23_126.wav,0.813,2.1870000000000003
LS6_2022-23_127.wav,0.87,2.13
LS6_2022-23_128.wav,0.895,2.105
LS6_2022-23_129.wav,0.898,2.102
LS6_2022-23_13.wav,0.869,2.1310000000000002
LS6_2022-23_130.wav,0.855,2.145
LS6_2022-23_131.wav,0.97,2.0300000000000002
LS6_2022-23_132.wav,0.879,2.121
LS6_2022-23_133.wav,0.943,2.057
LS6_2022-23_134.wav,0.868,2.132
LS6_2022-23_135.wav,0.967,2.033
LS6_2022-23_136.wav,0.932,2.068
LS6_2022-23_137.wav,0.943,2.057
LS6_2022-23_138.wav,0.919,2.081
LS6_2022-23_139.wav,0.95,2.05
LS6_2022-23_14.wav,0.924,2.076
LS6_2022-23_140.wav,0.988,2.012
LS6_2022-23_141.wav,0.912,2.088
LS6_2022-23_142.wav,0.995,2.005
LS6_2022-23_143.wav,0.942,2.058
LS6_2022-23_144.wav,0.999,2.001
LS6_2022-23_145.wav,0.943,2.057
LS6_2022-23_146.wav,0.893,2.107
LS6_2022-23_147.wav,0.871,2.129
LS6_2022-23_148.wav,0.952,2.048
LS6_2022-23_149.wav,0.963,2.037
LS6_2022-23_15.wav,0.964,2.036
LS6_2022-23_150.wav,0.975,2.025
LS6_2022-23_151.wav,0.984,2.016
LS6_2022-23_152.wav,0.865,2.135
LS6_2022-23_153.wav,0.992,2.008
LS6_2022-23_154.wav,0.919,2.081
LS6_2022-23_155.wav,0.929,2.0709999999999997
LS6_2022-23_156.wav,0.992,2.008
LS6_2022-23_157.wav,0.999,2.001
LS6_2022-23_158.wav,0.893,2.107
LS6_2022-23_159.wav,0.917,2.083
LS6_2022-23_16.wav,0.974,2.026
LS6_2022-23_160.wav,0.912,2.088
LS6_2022-23_161.wav,0.971,2.029
LS6_2022-23_162.wav,0.998,2.002
LS6_2022-23_163.wav,0.981,2.019
LS6_2022-23_164.wav,0.918,2.082
LS6_2022-23_165.wav,0.966,2.034
LS6_2022-23_166.wav,0.918,2.082
LS6_2022-23_167.wav,0.892,2.108
LS6_2022-23_168.wav,0.887,2.113
LS6_2022-23_169.wav,0.824,2.176
LS6_2022-23_17.wav,1.0,2.0
LS6_2022-23_170.wav,0.925,2.075
LS6_2022-23_171.wav,0.856,2.144
LS6_2022-23_172.wav,0.983,2.017
LS6_2022-23_173.wav,0.893,2.107
LS6_2022-23_174.wav,0.992,2.008
LS6_2022-23_175.wav,0.818,2.182
LS6_2022-23_176.wav,0.974,2.026
LS6_2022-23_177.wav,0.986,2.0140000000000002
LS6_2022-23_178.wav,0.984,2.016
LS6_2022-23_179.wav,0.851,2.149
LS6_2022-23_18.wav,0.959,2.041
LS6_2022-23_180.wav,0.777,2.223
LS6_2022-23_181.wav,0.98,2.02
LS6_2022-23_182.wav,0.942,2.058
LS6_2022-23_183.wav,0.893,2.107
LS6_2022-23_184.wav,0.88,2.12
LS6_2022-23_185.wav,0.992,2.008
LS6_2022-23_186.wav,0.822,2.178
LS6_2022-23_187.wav,0.892,2.108
LS6_2022-23_188.wav,0.992,2.008
LS6_2022-23_189.wav,0.918,2.082
LS6_2022-23_19.wav,0.931,2.069
LS6_2022-23_190.wav,0.887,2.113
LS6_2022-23_191.wav,0.821,2.1790000000000003
LS6_2022-23_192.wav,0.992,2.008
LS6_2022-23_193.wav,0.943,2.057
LS6_2022-23_194.wav,0.95,2.05
LS6_2022-23_195.wav,0.967,2.033
LS6_2022-23_196.wav,0.952,2.048
LS6_2022-23_197.wav,0.955,2.045
LS6_2022-23_198.wav,0.814,2.186
LS6_2022-23_199.wav,0.876,2.124
LS6_2022-23_2.wav,0.933,2.067
LS6_2022-23_20.wav,0.99,2.01
LS6_2022-23_200.wav,0.967,2.033
LS6_2022-23_201.wav,0.943,2.057
LS6_2022-23_202.wav,0.992,2.008
LS6_2022-23_203.wav,0.967,2.033
LS6_2022-23_204.wav,0.838,2.162
LS6_2022-23_205.wav,0.911,2.089
LS6_2022-23_206.wav,0.91,2.09
LS6_2022-23_207.wav,0.919,2.081
LS6_2022-23_208.wav,0.845,2.1550000000000002
LS6_2022-23_209.wav,0.918,2.082
LS6_2022-23_21.wav,0.934,2.066
LS6_2022-23_210.wav,0.967,2.033
LS6_2022-23_211.wav,0.967,2.033
LS6_2022-23_212.wav,0.913,2.0869999999999997
LS6_2022-23_213.wav,0.968,2.032
LS6_2022-23_214.wav,0.83,2.17
LS6_2022-23_215.wav,0.992,2.008
LS6_2022-23_216.wav,0.768,2.232
LS6_2022-23_217.wav,0.887,2.113
LS6_2022-23_218.wav,0.893,2.107
LS6_2022-23_219.wav,0.867,2.133
LS6_2022-23_22.wav,0.99,2.01
LS6_2022-23_220.wav,0.918,2.082
LS6_2022-23_221.wav,0.818,2.182
LS6_2022-23_222.wav,0.992,2.008
LS6_2022-23_223.wav,0.992,2.008
LS6_2022-23_224.wav,0.968,2.032
LS6_2022-23_23.wav,0.994,2.0060000000000002
LS6_2022-23_24.wav,0.972,2.028
LS6_2022-23_25.wav,0.909,2.091
LS6_2022-23_26.wav,0.984,2.016
LS6_2022-23_27.wav,0.92,2.08
LS6_2022-23_28.wav,0.875,2.125
LS6_2022-23_29.wav,0.847,2.153
LS6_2022-23_3.wav,0.974,2.026
LS6_2022-23_30.wav,0.863,2.137
LS6_2022-23_31.wav,0.935,2.065
LS6_2022-23_32.wav,0.942,2.058
LS6_2022-23_33.wav,0.708,2.292
LS6_2022-23_34.wav,0.862,2.138
LS6_2022-23_35.wav,0.933,2.067
LS6_2022-23_36.wav,0.799,2.201
LS6_2022-23_37.wav,0.808,2.192
LS6_2022-23_38.wav,0.758,2.242
LS6_2022-23_39.wav,0.808,2.192
LS6_2022-23_4.wav,0.963,2.037
LS6_2022-23_40.wav,0.849,2.151
LS6_2022-23_41.wav,0.856,2.144
LS6_2022-23_42.wav,0.857,2.143
LS6_2022-23_43.wav,0.999,2.001
LS6_2022-23_44.wav,0.833,2.167
LS6_2022-23_45.wav,0.901,2.099
LS6_2022-23_46.wav,0.91,2.09
LS6_2022-23_47.wav,0.942,2.058
LS6_2022-23_48.wav,0.944,2.056
LS6_2022-23_49.wav,0.899,2.101
LS6_2022-23_5.wav,0.885,2.115
LS6_2022-23_50.wav,0.922,2.078
LS6_2022-23_51.wav,0.902,2.098
LS6_2022-23_52.wav,0.78,2.2199999999999998
LS6_2022-23_53.wav,0.906,2.094
LS6_2022-23_54.wav,0.938,2.0620000000000003
LS6_2022-23_55.wav,0.988,2.012
LS6_2022-23_56.wav,0.906,2.094
LS6_2022-23_57.wav,0.977,2.023
LS6_2022-23_58.wav,0.886,2.114
LS6_2022-23_59.wav,0.969,2.031
LS6_2022-23_6.wav,0.929,2.0709999999999997
LS6_2022-23_60.wav,0.875,2.125
LS6_2022-23_61.wav,0.818,2.182
LS6_2022-23_62.wav,0.99,2.01
LS6_2022-23_63.wav,0.967,2.033
LS6_2022-23_64.wav,0.849,2.151
LS6_2022-23_65.wav,0.788,2.2119999999999997
LS6_2022-23_66.wav,0.713,2.287
LS6_2022-23_67.wav,0.853,2.1470000000000002
LS6_2022-23_68.wav,0.929,2.0709999999999997
LS6_2022-23_69.wav,0.975,2.025
LS6_2022-23_7.wav,0.844,2.156
LS6_2022-23_70.wav,0.88,2.12
LS6_2022-23_71.wav,0.926,2.074
LS6_2022-23_72.wav,0.914,2.086
LS6_2022-23_73.wav,0.954,2.0460000000000003
LS6_2022-23_74.wav,0.909,2.091
LS6_2022-23_75.wav,0.759,2.241
LS6_2022-23_76.wav,0.608,2.392
LS6_2022-23_77.wav,0.663,2.3369999999999997
LS6_2022-23_78.wav,0.754,2.246
LS6_2022-23_79.wav,0.794,2.206
LS6_2022-23_8.wav,0.969,2.031
LS6_2022-23_80.wav,0.688,2.3120000000000003
LS6_2022-23_81.wav,0.852,2.148
LS6_2022-23_82.wav,0.912,2.088
LS6_2022-23_83.wav,0.954,2.0460000000000003
LS6_2022-23_84.wav,0.979,2.021
LS6_2022-23_85.wav,0.909,2.091
LS6_2022-23_86.wav,0.97,2.0300000000000002
LS6_2022-23_87.wav,0.919,2.081
LS6_2022-23_88.wav,0.978,2.0220000000000002
LS6_2022-23_89.wav,0.893,2.107
LS6_2022-23_9.wav,0.868,2.132
LS6_2022-23_90.wav,0.995,2.005
LS6_2022-23_91.wav,0.918,2.082
LS6_2022-23_92.wav,0.918,2.082
LS6_2022-23_93.wav,0.995,2.005
LS6_2022-23_94.wav,0.942,2.058
LS6_2022-23_95.wav,0.997,2.003
LS6_2022-23_96.wav,0.992,2.008
LS6_2022-23_97.wav,0.992,2.008
LS6_2022-23_98.wav,0.976,2.024
LS6_2022-23_99.wav,0.967,2.033
PC2_2022-23_0.wav,0.496,2.504
PC2_2022-23_1.wav,0.636,2.364
PC2_2022-23_10.wav,0.745,2.255
PC2_2022-23_100.wav,0.752,2.248
PC2_2022-23_101.wav,0.854,2.146
PC2_2022-23_102.wav,0.819,2.181
PC2_2022-23_103.wav,0.811,2.189
PC2_2022-23_104.wav,0.848,2.152
PC2_2022-23_105.wav,0.891,2.109
PC2_2022-23_106.wav,0.876,2.124
PC2_2022-23_107.wav,0.804,2.1959999999999997
PC2_2022-23_108.wav,0.65,2.35
PC2_2022-23_109.wav,0.775,2.225
PC2_2022-23_11.wav,0.753,2.247
PC2_2022-23_110.wav,0.825,2.175
PC2_2022-23_111.wav,0.796,2.2039999999999997
PC2_2022-23_112.wav,0.818,2.182
PC2_2022-23_113.wav,0.906,2.094
PC2_2022-23_114.wav,0.789,2.211
PC2_2022-23_115.wav,0.796,2.2039999999999997
PC2_2022-23_116.wav,0.789,2.211
PC2_2022-23_117.wav,0.84,2.16
PC2_2022-23_118.wav,0.811,2.189
PC2_2022-23_119.wav,0.906,2.094
PC2_2022-23_12.wav,0.891,2.109
PC2_2022-23_120.wav,0.665,2.335
PC2_2022-23_121.wav,0.862,2.138
PC2_2022-23_122.wav,0.811,2.189
PC2_2022-23_123.wav,0.833,2.167
PC2_2022-23_124.wav,0.833,2.167
PC2_2022-23_125.wav,0.913,2.0869999999999997
PC2_2022-23_126.wav,0.737,2.263
PC2_2022-23_127.wav,0.855,2.145
PC2_2022-23_128.wav,0.833,2.167
PC2_2022-23_129.wav,0.84,2.16
PC2_2022-23_13.wav,0.753,2.247
PC2_2022-23_130.wav,0.898,2.102
PC2_2022-23_131.wav,0.855,2.145
PC2_2022-23_132.wav,0.803,2.197
PC2_2022-23_133.wav,0.767,2.233
PC2_2022-23_134.wav,0.84,2.16
PC2_2022-23_135.wav,0.84,2.16
PC2_2022-23_136.wav,0.796,2.2039999999999997
PC2_2022-23_137.wav,0.803,2.197
PC2_2022-23_138.wav,0.811,2.189
PC2_2022-23_139.wav,0.818,2.182
PC2_2022-23_14.wav,0.869,2.1310000000000002
PC2_2022-23_140.wav,0.869,2.1310000000000002
PC2_2022-23_141.wav,0.825,2.175
PC2_2022-23_142.wav,0.73,2.27
PC2_2022-23_143.wav,0.68,2.32
PC2_2022-23_144.wav,0.927,2.073
PC2_2022-23_145.wav,0.898,2.102
PC2_2022-23_146.wav,0.942,2.058
PC2_2022-23_147.wav,0.96,2.04
PC2_2022-23_148.wav,0.891,2.109
PC2_2022-23_149.wav,0.84,2.16
PC2_2022-23_15.wav,0.986,2.0140000000000002
PC2_2022-23_150.wav,0.876,2.124
PC2_2022-23_151.wav,0.899,2.101
PC2_2022-23_152.wav,0.921,2.0789999999999997
PC2_2022-23_153.wav,0.935,2.065
PC2_2022-23_154.wav,0.862,2.138
PC2_2022-23_155.wav,0.913,2.0869999999999997
PC2_2022-23_156.wav,0.898,2.102
PC2_2022-23_157.wav,0.891,2.109
PC2_2022-23_158.wav,0.943,2.057
PC2_2022-23_159.wav,0.921,2.0789999999999997
PC2_2022-23_16.wav,0.87,2.13
PC2_2022-23_160.wav,0.979,2.021
PC2_2022-23_161.wav,0.964,2.036
PC2_2022-23_162.wav,0.942,2.058
PC2_2022-23_163.wav,0.971,2.029
PC2_2022-23_164.wav,0.855,2.145
PC2_2022-23_165.wav,0.994,2.0060000000000002
PC2_2022-23_166.wav,0.877,2.123
PC2_2022-23_167.wav,0.782,2.218
PC2_2022-23_168.wav,0.76,2.24
PC2_2022-23_169.wav,0.964,2.036
PC2_2022-23_17.wav,0.974,2.026
PC2_2022-23_170.wav,0.796,2.2039999999999997
PC2_2022-23_171.wav,0.905,2.0949999999999998
PC2_2022-23_172.wav,0.889,2.1109999999999998
PC2_2022-23_173.wav,0.883,2.117
PC2_2022-23_174.wav,0.884,2.116
PC2_2022-23_175.wav,0.964,2.036
PC2_2022-23_176.wav,0.921,2.0789999999999997
PC2_2022-23_177.wav,0.672,2.328
PC2_2022-23_178.wav,0.694,2.306
PC2_2022-23_179.wav,0.723,2.277
PC2_2022-23_18.wav,0.76,2.24
PC2_2022-23_180.wav,0.884,2.116
PC2_2022-23_181.wav,0.789,2.211
PC2_2022-23_182.wav,0.774,2.226
PC2_2022-23_183.wav,0.95,2.05
PC2_2022-23_184.wav,0.833,2.167
PC2_2022-23_185.wav,0.818,2.182
PC2_2022-23_186.wav,0.891,2.109
PC2_2022-23_187.wav,0.687,2.3129999999999997
PC2_2022-23_188.wav,0.914,2.086
PC2_2022-23_189.wav,0.87,2.13
PC2_2022-23_19.wav,0.898,2.102
PC2_2022-23_190.wav,0.891,2.109
PC2_2022-23_191.wav,0.884,2.116
PC2_2022-23_192.wav,0.738,2.262
PC2_2022-23_193.wav,0.753,2.247
PC2_2022-23_194.wav,0.774,2.226
PC2_2022-23_195.wav,0.942,2.058
PC2_2022-23_196.wav,0.767,2.233
PC2_2022-23_197.wav,0.76,2.24
PC2_2022-23_198.wav,0.775,2.225
PC2_2022-23_199.wav,0.913,2.0869999999999997
PC2_2022-23_2.wav,0.606,2.394
PC2_2022-23_20.wav,0.723,2.277
PC2_2022-23_200.wav,0.679,2.3209999999999997
PC2_2022-23_201.wav,0.832,2.168
PC2_2022-23_202.wav,0.73,2.27
PC2_2022-23_203.wav,0.862,2.138
PC2_2022-23_204.wav,0.774,2.226
PC2_2022-23_205.wav,0.964,2.036
PC2_2022-23_206.wav,0.701,2.299
PC2_2022-23_207.wav,0.804,2.1959999999999997
PC2_2022-23_208.wav,0.811,2.189
PC2_2022-23_209.wav,0.76,2.24
PC2_2022-23_21.wav,0.848,2.152
PC2_2022-23_210.wav,0.759,2.241
PC2_2022-23_22.wav,0.804,2.1959999999999997
PC2_2022-23_23.wav,0.716,2.284
PC2_2022-23_24.wav,0.825,2.175
PC2_2022-23_25.wav,0.701,2.299
PC2_2022-23_26.wav,0.832,2.168
PC2_2022-23_27.wav,0.877,2.123
PC2_2022-23_28.wav,0.832,2.168
PC2_2022-23_29.wav,0.884,2.116
PC2_2022-23_3.wav,0.57,2.43
PC2_2022-23_30.wav,0.76,2.24
PC2_2022-23_31.wav,0.819,2.181
PC2_2022-23_32.wav,0.847,2.153
PC2_2022-23_33.wav,0.788,2.2119999999999997
PC2_2022-23_34.wav,0.848,2.152
PC2_2022-23_35.wav,0.847,2.153
PC2_2022-23_36.wav,0.847,2.153
PC2_2022-23_37.wav,0.862,2.138
PC2_2022-23_38.wav,0.855,2.145
PC2_2022-23_39.wav,0.848,2.152
PC2_2022-23_4.wav,0.577,2.423
PC2_2022-23_40.wav,0.759,2.241
PC2_2022-23_41.wav,0.949,2.051
PC2_2022-23_42.wav,0.803,2.197
PC2_2022-23_43.wav,0.84,2.16
PC2_2022-23_44.wav,0.796,2.2039999999999997
PC2_2022-23_45.wav,0.869,2.1310000000000002
PC2_2022-23_46.wav,0.775,2.225
PC2_2022-23_47.wav,0.957,2.043
PC2_2022-23_48.wav,0.862,2.138
PC2_2022-23_49.wav,0.884,2.116
PC2_2022-23_5.wav,0.65,2.35
PC2_2022-23_50.wav,0.906,2.094
PC2_2022-23_51.wav,0.977,2.023
PC2_2022-23_52.wav,0.906,2.094
PC2_2022-23_53.wav,0.774,2.226
PC2_2022-23_54.wav,0.934,2.066
PC2_2022-23_55.wav,0.892,2.108
PC2_2022-23_56.wav,0.855,2.145
PC2_2022-23_57.wav,0.927,2.073
PC2_2022-23_58.wav,0.833,2.167
PC2_2022-23_59.wav,0.811,2.189
PC2_2022-23_6.wav,0.745,2.255
PC2_2022-23_60.wav,0.935,2.065
PC2_2022-23_61.wav,0.858,2.142
PC2_2022-23_62.wav,0.928,2.072
PC2_2022-23_63.wav,0.891,2.109
PC2_2022-23_64.wav,0.92,2.08
PC2_2022-23_65.wav,0.899,2.101
PC2_2022-23_66.wav,0.921,2.0789999999999997
PC2_2022-23_67.wav,0.991,2.009
PC2_2022-23_68.wav,0.991,2.009
PC2_2022-23_69.wav,0.994,2.0060000000000002
PC2_2022-23_7.wav,0.643,2.357
PC2_2022-23_70.wav,0.994,2.0060000000000002
PC2_2022-23_71.wav,0.957,2.043
PC2_2022-23_72.wav,0.971,2.029
PC2_2022-23_73.wav,0.923,2.077
PC2_2022-23_74.wav,0.95,2.05
PC2_2022-23_75.wav,0.797,2.203
PC2_2022-23_76.wav,0.708,2.292
PC2_2022-23_77.wav,0.752,2.248
PC2_2022-23_78.wav,0.797,2.203
PC2_2022-23_79.wav,0.803,2.197
PC2_2022-23_8.wav,0.869,2.1310000000000002
PC2_2022-23_80.wav,0.753,2.247
PC2_2022-23_81.wav,0.701,2.299
PC2_2022-23_82.wav,0.687,2.3129999999999997
PC2_2022-23_83.wav,0.731,2.269
PC2_2022-23_84.wav,0.701,2.299
PC2_2022-23_85.wav,0.789,2.211
PC2_2022-23_86.wav,0.709,2.291
PC2_2022-23_87.wav,0.693,2.307
PC2_2022-23_88.wav,0.607,2.393
PC2_2022-23_89.wav,0.745,2.255
PC2_2022-23_9.wav,0.774,2.226
PC2_2022-23_90.wav,0.716,2.284
PC2_2022-23_91.wav,0.723,2.277
PC2_2022-23_92.wav,0.818,2.182
PC2_2022-23_93.wav,0.877,2.123
PC2_2022-23_94.wav,0.672,2.328
PC2_2022-23_95.wav,0.767,2.233
PC2_2022-23_96.wav,0.833,2.167
PC2_2022-23_97.wav,0.869,2.1310000000000002
PC2_2022-23_98.wav,0.899,2.101
PC2_2022-23_99.wav,0.898,2.102
PC3_2022-23_0.wav,0.527,2.473
PC3_2022-23_1.wav,0.527,2.473
PC3_2022-23_10.wav,0.62,2.38
PC3_2022-23_100.wav,0.847,2.153
PC3_2022-23_101.wav,0.847,2.153
PC3_2022-23_102.wav,0.858,2.142
PC3_2022-23_103.wav,0.868,2.132
PC3_2022-23_104.wav,0.868,2.132
PC3_2022-23_105.wav,0.868,2.132
PC3_2022-23_106.wav,0.878,2.122
PC3_2022-23_107.wav,0.878,2.122
PC3_2022-23_108.wav,0.878,2.122
PC3_2022-23_109.wav,0.878,2.122
PC3_2022-23_11.wav,0.619,2.3810000000000002
PC3_2022-23_110.wav,0.878,2.122
PC3_2022-23_111.wav,0.889,2.1109999999999998
PC3_2022-23_112.wav,0.889,2.1109999999999998
PC3_2022-23_113.wav,0.889,2.1109999999999998
PC3_2022-23_114.wav,0.888,2.112
PC3_2022-23_115.wav,0.888,2.112
PC3_2022-23_116.wav,0.888,2.112
PC3_2022-23_117.wav,0.888,2.112
PC3_2022-23_118.wav,0.888,2.112
PC3_2022-23_119.wav,0.889,2.1109999999999998
PC3_2022-23_12.wav,0.631,2.3689999999999998
PC3_2022-23_120.wav,0.899,2.101
PC3_2022-23_121.wav,0.898,2.102
PC3_2022-23_122.wav,0.909,2.091
PC3_2022-23_123.wav,0.909,2.091
PC3_2022-23_124.wav,0.909,2.091
PC3_2022-23_125.wav,0.909,2.091
PC3_2022-23_126.wav,0.909,2.091
PC3_2022-23_127.wav,0.909,2.091
PC3_2022-23_128.wav,0.909,2.091
PC3_2022-23_129.wav,0.919,2.081
PC3_2022-23_13.wav,0.64,2.36
PC3_2022-23_130.wav,0.929,2.0709999999999997
PC3_2022-23_131.wav,0.95,2.05
PC3_2022-23_132.wav,0.95,2.05
PC3_2022-23_133.wav,0.95,2.05
PC3_2022-23_134.wav,0.961,2.039
PC3_2022-23_135.wav,0.971,2.029
PC3_2022-23_136.wav,0.971,2.029
PC3_2022-23_137.wav,0.971,2.029
PC3_2022-23_138.wav,0.971,2.029
PC3_2022-23_139.wav,0.982,2.018
PC3_2022-23_14.wav,0.64,2.36
PC3_2022-23_140.wav,0.985,2.015
PC3_2022-23_141.wav,0.992,2.008
PC3_2022-23_142.wav,0.993,2.007
PC3_2022-23_143.wav,0.994,2.0060000000000002
PC3_2022-23_144.wav,0.996,2.004
PC3_2022-23_15.wav,0.641,2.359
PC3_2022-23_16.wav,0.64,2.36
PC3_2022-23_17.wav,0.641,2.359
PC3_2022-23_18.wav,0.65,2.35
PC3_2022-23_19.wav,0.65,2.35
PC3_2022-23_2.wav,0.537,2.463
PC3_2022-23_20.wav,0.661,2.339
PC3_2022-23_21.wav,0.661,2.339
PC3_2022-23_22.wav,0.661,2.339
PC3_2022-23_23.wav,0.672,2.328
PC3_2022-23_24.wav,0.672,2.328
PC3_2022-23_25.wav,0.682,2.318
PC3_2022-23_26.wav,0.682,2.318
PC3_2022-23_27.wav,0.682,2.318
PC3_2022-23_28.wav,0.692,2.308
PC3_2022-23_29.wav,0.692,2.308
PC3_2022-23_3.wav,0.578,2.422
PC3_2022-23_30.wav,0.703,2.297
PC3_2022-23_31.wav,0.703,2.297
PC3_2022-23_32.wav,0.702,2.298
PC3_2022-23_33.wav,0.713,2.287
PC3_2022-23_34.wav,0.713,2.287
PC3_2022-23_35.wav,0.713,2.287
PC3_2022-23_36.wav,0.713,2.287
PC3_2022-23_37.wav,0.723,2.277
PC3_2022-23_38.wav,0.723,2.277
PC3_2022-23_39.wav,0.723,2.277
PC3_2022-23_4.wav,0.578,2.422
PC3_2022-23_40.wav,0.734,2.266
PC3_2022-23_41.wav,0.733,2.267
PC3_2022-23_42.wav,0.733,2.267
PC3_2022-23_43.wav,0.733,2.267
PC3_2022-23_44.wav,0.734,2.266
PC3_2022-23_45.wav,0.734,2.266
PC3_2022-23_46.wav,0.755,2.245
PC3_2022-23_47.wav,0.754,2.246
PC3_2022-23_48.wav,0.754,2.246
PC3_2022-23_49.wav,0.754,2.246
PC3_2022-23_5.wav,0.599,2.401
PC3_2022-23_50.wav,0.764,2.2359999999999998
PC3_2022-23_51.wav,0.764,2.2359999999999998
PC3_2022-23_52.wav,0.764,2.2359999999999998
PC3_2022-23_53.wav,0.765,2.235
PC3_2022-23_54.wav,0.765,2.235
PC3_2022-23_55.wav,0.765,2.235
PC3_2022-23_56.wav,0.775,2.225
PC3_2022-23_57.wav,0.775,2.225
PC3_2022-23_58.wav,0.775,2.225
PC3_2022-23_59.wav,0.775,2.225
PC3_2022-23_6.wav,0.599,2.401
PC3_2022-23_60.wav,0.775,2.225
PC3_2022-23_61.wav,0.775,2.225
PC3_2022-23_62.wav,0.774,2.226
PC3_2022-23_63.wav,0.785,2.215
PC3_2022-23_64.wav,0.785,2.215
PC3_2022-23_65.wav,0.785,2.215
PC3_2022-23_66.wav,0.785,2.215
PC3_2022-23_67.wav,0.785,2.215
PC3_2022-23_68.wav,0.785,2.215
PC3_2022-23_69.wav,0.796,2.2039999999999997
PC3_2022-23_7.wav,0.61,2.39
PC3_2022-23_70.wav,0.796,2.2039999999999997
PC3_2022-23_71.wav,0.795,2.205
PC3_2022-23_72.wav,0.796,2.2039999999999997
PC3_2022-23_73.wav,0.795,2.205
PC3_2022-23_74.wav,0.795,2.205
PC3_2022-23_75.wav,0.796,2.2039999999999997
PC3_2022-23_76.wav,0.796,2.2039999999999997
PC3_2022-23_77.wav,0.806,2.194
PC3_2022-23_78.wav,0.806,2.194
PC3_2022-23_79.wav,0.806,2.194
PC3_2022-23_8.wav,0.61,2.39
PC3_2022-23_80.wav,0.805,2.195
PC3_2022-23_81.wav,0.806,2.194
PC3_2022-23_82.wav,0.817,2.183
PC3_2022-23_83.wav,0.816,2.184
PC3_2022-23_84.wav,0.816,2.184
PC3_2022-23_85.wav,0.816,2.184
PC3_2022-23_86.wav,0.816,2.184
PC3_2022-23_87.wav,0.816,2.184
PC3_2022-23_88.wav,0.816,2.184
PC3_2022-23_89.wav,0.816,2.184
PC3_2022-23_9.wav,0.61,2.39
PC3_2022-23_90.wav,0.826,2.174
PC3_2022-23_91.wav,0.827,2.173
PC3_2022-23_92.wav,0.827,2.173
PC3_2022-23_93.wav,0.826,2.174
PC3_2022-23_94.wav,0.826,2.174
PC3_2022-23_95.wav,0.836,2.164
PC3_2022-23_96.wav,0.837,2.1630000000000003
PC3_2022-23_97.wav,0.847,2.153
PC3_2022-23_98.wav,0.847,2.153
PC3_2022-23_99.wav,0.847,2.153
Patience_2017-18_0.wav,0.553015873015873,2.446984126984127
Patience_2017-18_1.wav,0.6450113378684807,2.354988662131519
Patience_2017-18_10.wav,0.6990022675736961,2.300997732426304
Patience_2017-18_11.wav,0.8659863945578231,2.1340136054421768
Patience_2017-18_12.wav,0.7670068027210885,2.2329931972789114
Patience_2017-18_13.wav,0.8329931972789115,2.1670068027210885
Patience_2017-18_14.wav,0.8990022675736962,2.100997732426304
Patience_2017-18_15.wav,0.6919954648526077,2.3080045351473926
Patience_2017-18_16.wav,0.8120181405895691,2.187981859410431
Patience_2017-18_17.wav,0.7329931972789115,2.2670068027210886
Patience_2017-18_18.wav,0.8329931972789115,2.1670068027210885
Patience_2017-18_19.wav,0.9,2.1
Patience_2017-18_2.wav,0.6219954648526077,2.3780045351473924
Patience_2017-18_20.wav,0.7889795918367347,2.2110204081632654
Patience_2017-18_21.wav,0.7939909297052155,2.2060090702947845
Patience_2017-18_22.wav,0.8209977324263038,2.179002267573696
Patience_2017-18_23.wav,0.7349886621315193,2.2650113378684806
Patience_2017-18_24.wav,0.7270068027210884,2.2729931972789115
Patience_2017-18_25.wav,0.9820181405895692,2.0179818594104306
Patience_2017-18_26.wav,0.7719954648526077,2.2280045351473925
Patience_2017-18_27.wav,0.9309977324263039,2.069002267573696
Patience_2017-18_28.wav,0.8950113378684807,2.104988662131519
Patience_2017-18_29.wav,0.8549886621315193,2.145011337868481
Patience_2017-18_3.wav,0.6909977324263038,2.309002267573696
Patience_2017-18_30.wav,0.776984126984127,2.223015873015873
Patience_2017-18_31.wav,0.896984126984127,2.103015873015873
Patience_2017-18_32.wav,0.8229931972789115,2.1770068027210883
Patience_2017-18_4.wav,0.7829931972789116,2.2170068027210883
Patience_2017-18_5.wav,0.9659863945578231,2.034013605442177
Patience_2017-18_6.wav,0.6329931972789116,2.3670068027210887
Patience_2017-18_7.wav,0.8239909297052154,2.1760090702947847
Patience_2017-18_8.wav,0.7659863945578231,2.234013605442177
Patience_2017-18_9.wav,1.0,2.0
STENCH_2022-23_0.wav,0.601,2.399
STENCH_2022-23_1.wav,0.699,2.301
STENCH_2022-23_10.wav,0.623,2.377
STENCH_2022-23_100.wav,0.645,2.355
STENCH_2022-23_101.wav,0.579,2.4210000000000003
STENCH_2022-23_102.wav,0.688,2.3120000000000003
STENCH_2022-23_103.wav,0.645,2.355
STENCH_2022-23_104.wav,0.71,2.29
STENCH_2022-23_105.wav,0.645,2.355
STENCH_2022-23_106.wav,0.645,2.355
STENCH_2022-23_107.wav,0.568,2.432
STENCH_2022-23_108.wav,0.623,2.377
STENCH_2022-23_109.wav,0.612,2.388
STENCH_2022-23_11.wav,0.688,2.3120000000000003
STENCH_2022-23_12.wav,0.502,2.498
STENCH_2022-23_13.wav,0.688,2.3120000000000003
STENCH_2022-23_14.wav,0.612,2.388
STENCH_2022-23_15.wav,0.601,2.399
STENCH_2022-23_16.wav,0.59,2.41
STENCH_2022-23_17.wav,0.579,2.4210000000000003
STENCH_2022-23_18.wav,0.601,2.399
STENCH_2022-23_19.wav,0.579,2.4210000000000003
STENCH_2022-23_2.wav,0.503,2.497
STENCH_2022-23_20.wav,0.699,2.301
STENCH_2022-23_21.wav,0.71,2.29
STENCH_2022-23_22.wav,0.699,2.301
STENCH_2022-23_23.wav,0.59,2.41
STENCH_2022-23_24.wav,0.655,2.3449999999999998
STENCH_2022-23_25.wav,0.601,2.399
STENCH_2022-23_26.wav,0.568,2.432
STENCH_2022-23_27.wav,0.568,2.432
STENCH_2022-23_28.wav,0.655,2.3449999999999998
STENCH_2022-23_29.wav,0.71,2.29
STENCH_2022-23_3.wav,0.644,2.356
STENCH_2022-23_30.wav,0.753,2.247
STENCH_2022-23_31.wav,0.71,2.29
STENCH_2022-23_32.wav,0.644,2.356
STENCH_2022-23_33.wav,0.601,2.399
STENCH_2022-23_34.wav,0.578,2.422
STENCH_2022-23_35.wav,0.579,2.4210000000000003
STENCH_2022-23_36.wav,0.633,2.367
STENCH_2022-23_37.wav,0.578,2.422
STENCH_2022-23_38.wav,0.666,2.334
STENCH_2022-23_39.wav,0.579,2.4210000000000003
STENCH_2022-23_4.wav,0.525,2.475
STENCH_2022-23_40.wav,0.568,2.432
STENCH_2022-23_41.wav,0.59,2.41
STENCH_2022-23_42.wav,0.677,2.323
STENCH_2022-23_43.wav,0.623,2.377
STENCH_2022-23_44.wav,0.71,2.29
STENCH_2022-23_45.wav,0.699,2.301
STENCH_2022-23_46.wav,0.699,2.301
STENCH_2022-23_47.wav,0.688,2.3120000000000003
STENCH_2022-23_48.wav,0.666,2.334
STENCH_2022-23_49.wav,0.578,2.422
STENCH_2022-23_5.wav,0.612,2.388
STENCH_2022-23_50.wav,0.644,2.356
STENCH_2022-23_51.wav,0.699,2.301
STENCH_2022-23_52.wav,0.645,2.355
STENCH_2022-23_53.wav,0.601,2.399
STENCH_2022-23_54.wav,0.633,2.367
STENCH_2022-23_55.wav,0.688,2.3120000000000003
STENCH_2022-23_56.wav,0.666,2.334
STENCH_2022-23_57.wav,0.536,2.464
STENCH_2022-23_58.wav,0.514,2.4859999999999998
STENCH_2022-23_59.wav,0.524,2.476
STENCH_2022-23_6.wav,0.688,2.3120000000000003
STENCH_2022-23_60.wav,0.59,2.41
STENCH_2022-23_61.wav,0.503,2.497
STENCH_2022-23_62.wav,0.601,2.399
STENCH_2022-23_63.wav,0.524,2.476
STENCH_2022-23_64.wav,0.699,2.301
STENCH_2022-23_65.wav,0.644,2.356
STENCH_2022-23_66.wav,0.645,2.355
STENCH_2022-23_67.wav,0.48,2.52
STENCH_2022-23_68.wav,0.677,2.323
STENCH_2022-23_69.wav,0.59,2.41
STENCH_2022-23_7.wav,0.667,2.333
STENCH_2022-23_70.wav,0.546,2.4539999999999997
STENCH_2022-23_71.wav,0.634,2.366
STENCH_2022-23_72.wav,0.524,2.476
STENCH_2022-23_73.wav,0.579,2.4210000000000003
STENCH_2022-23_74.wav,0.513,2.487
STENCH_2022-23_75.wav,0.579,2.4210000000000003
STENCH_2022-23_76.wav,0.481,2.519
STENCH_2022-23_77.wav,0.589,2.411
STENCH_2022-23_78.wav,0.622,2.378
STENCH_2022-23_79.wav,0.492,2.508
STENCH_2022-23_8.wav,0.688,2.3120000000000003
STENCH_2022-23_80.wav,0.589,2.411
STENCH_2022-23_81.wav,0.568,2.432
STENCH_2022-23_82.wav,0.524,2.476
STENCH_2022-23_83.wav,0.503,2.497
STENCH_2022-23_84.wav,0.547,2.453
STENCH_2022-23_85.wav,0.612,2.388
STENCH_2022-23_86.wav,0.644,2.356
STENCH_2022-23_87.wav,0.557,2.443
STENCH_2022-23_88.wav,0.754,2.246
STENCH_2022-23_89.wav,0.655,2.3449999999999998
STENCH_2022-23_9.wav,0.579,2.4210000000000003
STENCH_2022-23_90.wav,0.677,2.323
STENCH_2022-23_91.wav,0.775,2.225
STENCH_2022-23_92.wav,0.699,2.301
STENCH_2022-23_93.wav,0.732,2.268
STENCH_2022-23_94.wav,0.765,2.235
STENCH_2022-23_95.wav,0.655,2.3449999999999998
STENCH_2022-23_96.wav,0.623,2.377
STENCH_2022-23_97.wav,0.644,2.356
STENCH_2022-23_98.wav,0.688,2.3120000000000003
STENCH_2022-23_99.wav,0.666,2.334
W1_2020-21_0.wav,0.752,2.248
W1_2020-21_1.wav,0.833,2.167
W1_2020-21_10.wav,0.874,2.126
W1_2020-21_11.wav,0.828,2.172
W1_2020-21_12.wav,0.827,2.173
W1_2020-21_13.wav,0.855,2.145
W1_2020-21_14.wav,0.97,2.0300000000000002
W1_2020-21_15.wav,0.656,2.344
W1_2020-21_16.wav,0.799,2.201
W1_2020-21_2.wav,0.981,2.019
W1_2020-21_3.wav,0.931,2.069
W1_2020-21_4.wav,0.817,2.183
W1_2020-21_5.wav,0.38,2.62
W1_2020-21_6.wav,0.95,2.05
W1_2020-21_7.wav,0.532,2.468
W1_2020-21_8.wav,0.684,2.316
W1_2020-21_9.wav,0.57,2.43
